{"cameraMode":{"drawMode":0,"name":"Shaded","section":"Shading Mode"},"sceneLighting":true,"audioPlay":false,"sceneViewState":{"showFog":true,"showMaterialUpdate":false,"showSkybox":true,"showFlares":true,"showImageEffects":true,"showParticleSystems":true},"in2DMode":false,"pivot":{"x":-2.708418369293213,"y":4.4826202392578129,"z":0.8035078048706055},"rotation":{"x":0.018203899264335634,"y":0.12000562995672226,"z":-0.0021983967162668707,"w":0.9926038980484009},"size":23.4356632232666,"orthographic":false}