{"cameraMode":{"drawMode":0,"name":"Shaded","section":"Shading Mode"},"sceneLighting":true,"audioPlay":false,"sceneViewState":{"showFog":true,"showMaterialUpdate":false,"showSkybox":true,"showFlares":true,"showImageEffects":true,"showParticleSystems":true},"in2DMode":false,"pivot":{"x":-1.1514135599136353,"y":-17.287200927734376,"z":22.516592025756837},"rotation":{"x":-0.32853585481643679,"y":0.020098326727747918,"z":-0.006993994582444429,"w":-0.9442517757415772},"size":35.46851348876953,"orthographic":false}