{"cameraMode":{"drawMode":0,"name":"Shaded","section":"Shading Mode"},"sceneLighting":true,"audioPlay":false,"sceneViewState":{"showFog":true,"showMaterialUpdate":false,"showSkybox":true,"showFlares":true,"showImageEffects":true,"showParticleSystems":true},"in2DMode":false,"pivot":{"x":-13.401052474975586,"y":0.734362006187439,"z":1.9012515544891358},"rotation":{"x":0.054405320435762408,"y":0.8542283773422241,"z":-0.09132086485624314,"w":0.5089150667190552},"size":8.261277198791504,"orthographic":true}