{"cameraMode":{"drawMode":0,"name":"Shaded","section":"Shading Mode"},"sceneLighting":true,"audioPlay":false,"sceneViewState":{"showFog":true,"showMaterialUpdate":false,"showSkybox":true,"showFlares":true,"showImageEffects":true,"showParticleSystems":true},"in2DMode":false,"pivot":{"x":-13.998201370239258,"y":1.5007128715515137,"z":2.9606428146362306},"rotation":{"x":-0.004177567083388567,"y":0.9946707487106323,"z":-0.04479042813181877,"w":-0.09277185052633286},"size":7.547107696533203,"orthographic":false}