{"cameraMode":{"drawMode":0,"name":"Shaded","section":"Shading Mode"},"sceneLighting":true,"audioPlay":false,"sceneViewState":{"showFog":true,"showMaterialUpdate":false,"showSkybox":true,"showFlares":true,"showImageEffects":true,"showParticleSystems":true},"in2DMode":false,"pivot":{"x":-15.55135726928711,"y":1.3569090366363526,"z":-0.2700851559638977},"rotation":{"x":0.00017307682719547302,"y":0.9998087882995606,"z":-0.010498522780835629,"w":0.016498252749443055},"size":3.952021598815918,"orthographic":true}