{"cameraMode":{"drawMode":0,"name":"Shaded","section":"Shading Mode"},"sceneLighting":true,"audioPlay":false,"sceneViewState":{"showFog":true,"showMaterialUpdate":false,"showSkybox":true,"showFlares":true,"showImageEffects":true,"showParticleSystems":true},"in2DMode":false,"pivot":{"x":-15.932300567626954,"y":1.2928190231323243,"z":0.2958984375},"rotation":{"x":0.22013258934020997,"y":0.6848322153091431,"z":-0.22999092936515809,"w":0.6554775834083557},"size":3.7219178676605226,"orthographic":true}