{"cameraMode":{"drawMode":0,"name":"Shaded","section":"Shading Mode"},"sceneLighting":true,"audioPlay":false,"sceneViewState":{"showFog":true,"showMaterialUpdate":false,"showSkybox":true,"showFlares":true,"showImageEffects":true,"showParticleSystems":true},"in2DMode":false,"pivot":{"x":-12.240507125854493,"y":2.4049293994903566,"z":1.683308482170105},"rotation":{"x":0.02729474939405918,"y":-0.7191471457481384,"z":0.02829478681087494,"w":0.6937447190284729},"size":3.866746187210083,"orthographic":false}