{"cameraMode":{"drawMode":0,"name":"Shaded","section":"Shading Mode"},"sceneLighting":true,"audioPlay":false,"sceneViewState":{"showFog":true,"showMaterialUpdate":false,"showSkybox":true,"showFlares":true,"showImageEffects":true,"showParticleSystems":true},"in2DMode":false,"pivot":{"x":27.681232452392579,"y":14.296719551086426,"z":-37.95419692993164},"rotation":{"x":0.10101144760847092,"y":-0.22190935909748078,"z":0.023119203746318818,"w":0.9695454835891724},"size":20.368165969848634,"orthographic":true}