{"cameraMode":{"drawMode":0,"name":"Shaded","section":"Shading Mode"},"sceneLighting":true,"audioPlay":false,"sceneViewState":{"showFog":true,"showMaterialUpdate":false,"showSkybox":true,"showFlares":true,"showImageEffects":true,"showParticleSystems":true},"in2DMode":false,"pivot":{"x":-31.830869674682618,"y":7.77601432800293,"z":-24.270374298095704},"rotation":{"x":-0.015495753847062588,"y":-0.5324420928955078,"z":0.009751439094543457,"w":-0.8462684154510498},"size":19.155029296875,"orthographic":true}