{"cameraMode":{"drawMode":0,"name":"Shaded","section":"Shading Mode"},"sceneLighting":true,"audioPlay":false,"sceneViewState":{"showFog":true,"showMaterialUpdate":false,"showSkybox":true,"showFlares":true,"showImageEffects":true,"showParticleSystems":true},"in2DMode":false,"pivot":{"x":-26.44239616394043,"y":11.029231071472168,"z":10.843961715698243},"rotation":{"x":0.03168971464037895,"y":0.7536875605583191,"z":-0.03643898665904999,"w":0.6554564237594605},"size":45.07383728027344,"orthographic":true}